Top pages,Impressions
https://scandicommerce.com/,142
https://scandicommerce.com/partners,30
https://scandicommerce.com/about,18
https://scandicommerce.com/contact,18
https://scandicommerce.com/en/resources/from-24nettbutikk-to-efficient-b2b-operations-on-shopify,12
https://scandicommerce.com/blog,11
https://scandicommerce.com/services/shopify-development,7
https://scandicommerce.com/resources/how-scandicommerce-helped-lanullva-achieve-35-sales-growth-by-modernizing-their-shopify,3
https://scandicommerce.com/sitemap,3
https://scandicommerce.com/services/migrate,2
https://scandicommerce.com/shopify/shopify_POS,2
https://scandicommerce.com/sv,2
https://scandicommerce.com/work,2
https://scandicommerce.com/resources/lanullva-shopify-case-study,1
https://scandicommerce.com/shopify/shopify_platform,1
https://scandicommerce.com/shopify/why_shopify,1