Top pages,Clicks,Impressions,CTR,Position
https://scandicommerce.no/,268,994,26.96%,6.94
https://www.scandicommerce.no/no/resources/vipps-hurtigkasse-shopify-plus,13,812,1.6%,8.58
https://scandicommerce.no/om-oss,11,415,2.65%,2.73
https://www.scandicommerce.no/om-oss,11,211,5.21%,4.55
https://www.scandicommerce.no/shopify/vipps-hurtigkasse,8,58,13.79%,10.6
https://www.scandicommerce.no/tjenester/shopify_pos,7,161,4.35%,8.58
https://www.scandicommerce.no/,6,53,11.32%,8.28
https://www.scandicommerce.no/tjenester/alle-pakker,4,258,1.55%,4.22
https://shopify.scandicommerce.no/pages/shopify-migration,4,204,1.96%,15.83
https://www.scandicommerce.no/kundecaser,3,261,1.15%,1.82
https://shopify.scandicommerce.no/,3,111,2.7%,6.93
https://scandicommerce.no/da,3,32,9.38%,13.88
https://scandicommerce.no/pages/shopify-pos,3,9,33.33%,10.44
https://www.scandicommerce.no/partnere,2,487,0.41%,33.63
https://www.scandicommerce.no/prosjekter,2,300,0.67%,2.03
https://www.scandicommerce.no/merch/enterprise,2,210,0.95%,2.33
https://www.scandicommerce.no/resources/lanullva-35-salgsvekst-ved-a-modernisere-deres-shopify,2,38,5.26%,9.37
https://www.scandicommerce.no/no/resources/finago-24sevenoffice-integrasjon-shopify-plus,1,1405,0.07%,9.46
https://www.scandicommerce.no/kontakt,1,297,0.34%,5.64
https://scandicommerce.no/de/contact,1,232,0.43%,3.83
https://shopify.scandicommerce.no/pages/shopify-pos,1,136,0.74%,13.81
https://scandicommerce.no/merch,1,105,0.95%,26.1
https://www.scandicommerce.no/merch/premium,1,102,0.98%,3.87
https://shopify.scandicommerce.no/pages/about-us,1,72,1.39%,12.07
https://www.scandicommerce.no/merch/foundation,1,38,2.63%,7.13
https://scandicommerce.no/tjenester/alle-pakker,1,32,3.12%,6.28
https://www.scandicommerce.no/merch/premium-unisex-crewneck-t-shirt-bella-canvas-3001,1,16,6.25%,12.31
https://www.scandicommerce.no/merch/flexi-case,1,12,8.33%,34.83
https://www.scandicommerce.no/resources/agentic-commerce-hva-det-er-og-hva-du-bor-gjore-na,0,295,0%,22.96
https://scandicommerce.no/tjenester/utvikling,0,154,0%,6.23
https://www.scandicommerce.no/blogg,0,134,0%,15.15
https://shopify.scandicommerce.no/pages/shopify-x-pim,0,105,0%,8.67
https://scandicommerce.no/de/about,0,93,0%,3.87
https://scandicommerce.no/sitemap,0,79,0%,7.63
https://scandicommerce.no/prosjekter,0,71,0%,2.25
https://www.scandicommerce.no/shopify/shopify_platformen,0,65,0%,21.86
https://scandicommerce.no/blogg/fra-24nettbutikk-til-effektiv-b2b-drift-pa-shopify,0,61,0%,8.52
https://scandicommerce.no/shopify/hvorfor_shopify,0,58,0%,20.43
https://shopify.scandicommerce.no/blogs/shopify-optimization-performance/shopify-plus-vs-standard-when-to-upgrade-your-store-2025-guide,0,51,0%,28.61
https://shopify.scandicommerce.no/pages/shopify-tco-calculator,0,50,0%,17.98
https://shopify.scandicommerce.no/pages/shopify,0,46,0%,11.85
https://www.scandicommerce.no/tjenester/alle-pakker/premium,0,45,0%,28.89
https://www.scandicommerce.no/shopify/shopify-x-PIM,0,42,0%,47.07
https://scandicommerce.no/shopify/vipps-hurtigkasse,0,37,0%,14.11
https://shopify.scandicommerce.no/products/enterprise,0,36,0%,11.14
https://scandicommerce.no/sv/about,0,35,0%,20.29
https://www.scandicommerce.no/tjenester/shopify_migrering,0,34,0%,18.47
https://scandicommerce.no/kontakt,0,33,0%,4.55
https://www.scandicommerce.no/shopify/hvorfor_shopify,0,33,0%,47.12
https://www.scandicommerce.no/no/resources/5-checkout-optimization-tricks,0,31,0%,24.84
https://www.scandicommerce.no/merch/growth,0,29,0%,4.55
https://www.scandicommerce.no/tjenester/alle-pakker/foundation,0,29,0%,11.41
https://scandicommerce.no/sv/work,0,28,0%,14.29
https://shopify.scandicommerce.no/products/growth,0,25,0%,6.12
https://www.scandicommerce.no/tjenester/alle-pakker/growth,0,25,0%,10.32
https://www.scandicommerce.no/merch/classic-unisex-crewneck-sweatshirt-gildan-18000,0,25,0%,12.16
https://www.scandicommerce.no/no/merch,0,23,0%,6.91
https://shopify.scandicommerce.no/pages/articles,0,22,0%,12.5
https://shopify.scandicommerce.no/products/foundation,0,22,0%,12.86
https://www.scandicommerce.no/tjenester/alle-pakker/enterprise,0,20,0%,14.4
https://scandicommerce.no/da/about,0,19,0%,7.84
https://www.scandicommerce.no/merch/classic-unisex-crewneck-t-shirt-gildan-64000,0,19,0%,12.79
https://shopify.scandicommerce.no/collections/packages,0,18,0%,10.61
https://shopify.scandicommerce.no/blogs/shopify-optimization-performance/shopify-functions-vs-apps-why-merchants-are-making-the-wrong-choice-2025,0,18,0%,13.28
https://scandicommerce.no/da/work,0,17,0%,5.35
https://scandicommerce.no/da/contact,0,17,0%,6.76
https://www.scandicommerce.no/merch/11oz-ceramic-mug,0,17,0%,9.35
https://scandicommerce.no/da/shopify/vipps_hurtigkasse,0,17,0%,9.88
https://scandicommerce.no/da/services/shopify_development,0,17,0%,9.94
https://scandicommerce.no/sv/contact,0,17,0%,12.76
https://scandicommerce.no/blogg/slik-jobber-vi-med-shopify-plus-kunder,0,17,0%,17.24
https://shopify.scandicommerce.no/products/white-15oz-stainless-steel-travel-mug,0,16,0%,13.44
https://shopify.scandicommerce.no/products/polycotton-unisex-crewneck-t-shirt,0,15,0%,12.67
https://www.scandicommerce.no/shopify/shopify_x_KI,0,15,0%,24.2
https://scandicommerce.no/da/da/blog,0,14,0%,17.93
https://www.scandicommerce.no/merch/white-15oz-stainless-steel-travel-mug,0,14,0%,214.93
https://shopify.scandicommerce.no/collections/merch,0,12,0%,9.25
https://shopify.scandicommerce.no/blogs/how-we-work,0,12,0%,22.92
https://scandicommerce.no/sv/sitemap,0,11,0%,3.91
https://www.scandicommerce.no/no/resources/shopify-plus-vs-standard,0,11,0%,16.91
https://www.scandicommerce.no/no/resources/headed-vs-headless-commerce,0,11,0%,34.55
https://www.scandicommerce.no/da/da/blog,0,10,0%,8.5
https://www.scandicommerce.no/merch/premium-unisex-pullover-hoodie-justhoods-jh001,0,10,0%,11.3
https://www.scandicommerce.no/merch/heavyweight-unisex-crewneck-t-shirt-gildan-5000,0,9,0%,14.67
https://shopify.scandicommerce.no/blogs/how-we-work/slik-jobber-vi-med-shopify-plus-kunder,0,8,0%,21.25
https://scandicommerce.no/sv/shopify/shopify_POS,0,7,0%,6.86
https://shopify.scandicommerce.no/blogs/e-commerce-strategy-growth/headed-vs-headless-commerce-why-most-businesses-should-think-twice-about-going-headless,0,7,0%,10.43
https://www.scandicommerce.no/merch/organic-baby-short-sleeve-bodysuit-sols-organic-bambino-01192,0,7,0%,17.43
https://shopify.scandicommerce.no/collections/all?page=2,0,6,0%,2.5
https://shopify.scandicommerce.no/products/premium,0,6,0%,6.67
https://www.scandicommerce.no/no/resources/shopify-functions-vs-apps,0,6,0%,15.33
https://www.scandicommerce.no/merch/premium-unisex-v-neck-t-shirt,0,6,0%,17
https://www.scandicommerce.no/merch/classic-baby-short-sleeve-bodysuit,0,6,0%,20
https://shopify.scandicommerce.no/products/flexi-case,0,5,0%,4.8
https://shopify.scandicommerce.no/blogs/cro/5-checkout-optimization-tricks-that-boost-your-sales,0,5,0%,6.6
https://scandicommerce.no/shopify/shopify_x_KI,0,5,0%,7
https://www.scandicommerce.no/merch/polycotton-unisex-crewneck-t-shirt,0,5,0%,16.8
https://www.scandicommerce.no/merch/classic-unisex-pullover-hoodie-gildan-18500,0,5,0%,18.8
https://shopify.scandicommerce.no/products/classic-unisex-crewneck-t-shirt-gildan-64000,0,5,0%,20.8
https://shopify.scandicommerce.no/products/classic-unisex-crewneck-sweatshirt-gildan-18000,0,5,0%,21.2
https://shopify.scandicommerce.no/blogs/how-we-work/level-up-fra-hobby-til-utfordrer,0,5,0%,24
https://scandicommerce.no/de/shopify/why_shopify,0,5,0%,24.6
https://www.scandicommerce.no/resources/10-essensielle-shopify-apper-for-norsk-netthandel-i-2025,0,5,0%,26.2
https://www.scandicommerce.no/resources/ai-agent-handel-hva-den-leser,0,4,0%,4
https://www.scandicommerce.no/resources/migrering-slikkepott,0,4,0%,12.25
https://www.scandicommerce.no/merch/organic-unisex-crewneck-sweatshirt,0,4,0%,20.25
https://www.scandicommerce.no/merch/classic-baby-long-sleeve-bodysuit,0,4,0%,20.5
https://www.scandicommerce.no/shopify/shopify_TCO_kalkulator,0,4,0%,24.75
https://www.scandicommerce.no/merch/white-17oz-stainless-steel-water-bottle,0,4,0%,160.5
https://scandicommerce.no/de/blog,0,3,0%,6
https://shopify.scandicommerce.no/products/organic-unisex-crewneck-sweatshirt,0,3,0%,22
https://shopify.scandicommerce.no/products/classic-baby-short-sleeve-bodysuit,0,3,0%,23
https://shopify.scandicommerce.no/products/classic-baby-long-sleeve-bodysuit,0,3,0%,24
https://shopify.scandicommerce.no/products/premium-unisex-pullover-hoodie-laneseven-ls13001,0,3,0%,27
https://shopify.scandicommerce.no/blogs/e-commerce-strategy-growth,0,3,0%,34.33
https://shopify.scandicommerce.no/blogs/shopify-optimization-performance,0,3,0%,34.67
https://shopify.scandicommerce.no/products/premium-unisex-crewneck-t-shirt-bella-canvas-3001,0,2,0%,1
https://shopify.scandicommerce.no/products/premium-unisex-v-neck-t-shirt,0,2,0%,1
https://scandicommerce.no/da/services/all_packages,0,2,0%,3.5
https://shopify.scandicommerce.no/products/premium-unisex-pullover-hoodie-justhoods-jh001,0,2,0%,3.5
https://shopify.scandicommerce.no/collections/all,0,2,0%,10
https://scandicommerce.no/de/work,0,2,0%,15
https://www.scandicommerce.no/merch/eco-conscious-unisex-microfleece-zip-vest-sustainably-crafted-from-100-recycled-polyester-in-vibrant-hues,0,2,0%,52
https://scandicommerce.no/da/shopify/why_shopify,0,1,0%,1
https://shopify.scandicommerce.no/collections/merch?page=2,0,1,0%,1
https://shopify.scandicommerce.no/products/11oz-ceramic-mug,0,1,0%,4
https://shopify.scandicommerce.no/products/organic-baby-short-sleeve-bodysuit-sols-organic-bambino-01192,0,1,0%,5
https://shopify.scandicommerce.no/blogs/cro,0,1,0%,6
https://scandicommerce.no/de/de/blog,0,1,0%,9
https://www.scandicommerce.no/no/resources/nvit-shopify-plus-norske-varer-i-transitt,0,1,0%,10
https://www.scandicommerce.no/merch/premium-unisex-pullover-hoodie-laneseven-ls13001,0,1,0%,79
https://shopify.scandicommerce.no/blogs/how-we-work/fra-24nettbutikk-og-wix-til-effektiv-b2b-drift-pa-shopify,0,1,0%,94